day,stage,time,code
1,1,0,1A
1,1,2,1A
3,1,16,1A
3,1,18,1A
6,1,8,1A
6,1,10,1A
11,1,12,1A
11,1,14,1A
14,1,4,1A
14,1,6,1A
16,1,20,1A
16,1,22,1A
19,1,8,1A
19,1,10,1A
22,1,0,1A
22,1,2,1A
24,1,16,1A
24,1,18,1A
27,1,4,1A
27,1,6,1A
29,1,20,1A
29,1,22,1A
3,2,0,1A
3,2,2,1A
5,2,16,1A
5,2,18,1A
8,2,8,1A
8,2,10,1A
10,2,20,1A
10,2,22,1A
13,2,12,1A
13,2,14,1A
16,2,4,1A
16,2,6,1A
18,2,16,1A
18,2,18,1A
21,2,8,1A
21,2,10,1A
24,2,0,1A
24,2,2,1A
26,2,12,1A
26,2,14,1A
29,2,4,1A
29,2,6,1A
31,2,20,1A
31,2,22,1A
2,3,8,1A
2,3,10,1A
5,3,0,1A
5,3,2,1A
7,3,16,1A
7,3,18,1A
10,3,4,1A
10,3,6,1A
12,3,20,1A
12,3,22,1A
15,3,12,1A
15,3,14,1A
18,3,0,1A
18,3,2,1A
20,3,16,1A
20,3,18,1A
23,3,8,1A
23,3,10,1A
25,3,20,1A
25,3,22,1A
28,3,12,1A
28,3,14,1A
31,3,4,1A
31,3,6,1A
1,4,16,1A
1,4,18,1A
4,4,8,1A
4,4,10,1A
7,4,0,1A
7,4,2,1A
9,4,12,1A
9,4,14,1A
12,4,4,1A
12,4,6,1A
14,4,20,1A
14,4,22,1A
17,4,8,1A
17,4,10,1A
20,4,0,1A
20,4,2,1A
22,4,16,1A
22,4,18,1A
25,4,4,1A
25,4,6,1A
27,4,20,1A
27,4,22,1A
30,4,12,1A
30,4,14,1A
3,5,10,1A
3,5,12,1A
6,5,2,1A
6,5,4,1A
11,5,6,1A
11,5,8,1A
13,5,22,1A
14,5,0,1A
16,5,14,1A
16,5,16,1A
19,5,2,1A
19,5,4,1A
21,5,18,1A
21,5,20,1A
24,5,10,1A
24,5,12,1A
26,5,22,1A
27,5,0,1A
29,5,14,1A
29,5,16,1A
2,6,18,1A
2,6,20,1A
5,6,10,1A
5,6,12,1A
8,6,2,1A
8,6,4,1A
10,6,14,1A
10,6,16,1A
13,6,6,1A
13,6,8,1A
15,6,22,1A
16,6,0,1A
18,6,10,1A
18,6,12,1A
21,6,2,1A
21,6,4,1A
23,6,18,1A
23,6,20,1A
26,6,6,1A
26,6,8,1A
28,6,22,1A
29,6,0,1A
31,6,14,1A
31,6,16,1A
2,7,2,1A
2,7,4,1A
4,7,18,1A
4,7,20,1A
7,7,10,1A
7,7,12,1A
9,7,22,1A
10,7,0,1A
12,7,14,1A
12,7,16,1A
15,7,6,1A
15,7,8,1A
17,7,18,1A
17,7,20,1A
20,7,10,1A
20,7,12,1A
23,7,2,1A
23,7,4,1A
25,7,14,1A
25,7,16,1A
28,7,6,1A
28,7,8,1A
30,7,22,1A
31,7,0,1A
1,8,10,1A
1,8,12,1A
4,8,2,1A
4,8,4,1A
6,8,18,1A
6,8,20,1A
9,8,6,1A
9,8,8,1A
11,8,22,1A
12,8,0,1A
14,8,14,1A
14,8,16,1A
17,8,2,1A
17,8,4,1A
19,8,18,1A
19,8,20,1A
22,8,10,1A
22,8,12,1A
24,8,22,1A
25,8,0,1A
27,8,14,1A
27,8,16,1A
30,8,6,1A
30,8,8,1A
2,1,8,1B
2,1,10,1B
5,1,0,1B
5,1,2,1B
7,1,16,1B
7,1,18,1B
10,1,4,1B
10,1,6,1B
12,1,20,1B
12,1,22,1B
15,1,12,1B
15,1,14,1B
18,1,0,1B
18,1,2,1B
20,1,16,1B
20,1,18,1B
23,1,8,1B
23,1,10,1B
25,1,20,1B
25,1,22,1B
28,1,12,1B
28,1,14,1B
31,1,4,1B
31,1,6,1B
1,2,16,1B
1,2,18,1B
4,2,8,1B
4,2,10,1B
7,2,0,1B
7,2,2,1B
9,2,12,1B
9,2,14,1B
12,2,4,1B
12,2,6,1B
14,2,20,1B
14,2,22,1B
17,2,8,1B
17,2,10,1B
20,2,0,1B
20,2,2,1B
22,2,16,1B
22,2,18,1B
25,2,4,1B
25,2,6,1B
27,2,20,1B
27,2,22,1B
30,2,12,1B
30,2,14,1B
1,3,0,1B
1,3,2,1B
3,3,16,1B
3,3,18,1B
6,3,8,1B
6,3,10,1B
11,3,12,1B
11,3,14,1B
14,3,4,1B
14,3,6,1B
16,3,20,1B
16,3,22,1B
19,3,8,1B
19,3,10,1B
22,3,0,1B
22,3,2,1B
24,3,16,1B
24,3,18,1B
27,3,4,1B
27,3,6,1B
29,3,20,1B
29,3,22,1B
3,4,0,1B
3,4,2,1B
5,4,16,1B
5,4,18,1B
8,4,8,1B
8,4,10,1B
10,4,20,1B
10,4,22,1B
13,4,12,1B
13,4,14,1B
16,4,4,1B
16,4,6,1B
18,4,16,1B
18,4,18,1B
21,4,8,1B
21,4,10,1B
24,4,0,1B
24,4,2,1B
26,4,12,1B
26,4,14,1B
29,4,4,1B
29,4,6,1B
31,4,20,1B
31,4,22,1B
2,5,2,1B
2,5,4,1B
4,5,18,1B
4,5,20,1B
7,5,10,1B
7,5,12,1B
9,5,22,1B
10,5,0,1B
12,5,14,1B
12,5,16,1B
15,5,6,1B
15,5,8,1B
17,5,18,1B
17,5,20,1B
20,5,10,1B
20,5,12,1B
23,5,2,1B
23,5,4,1B
25,5,14,1B
25,5,16,1B
28,5,6,1B
28,5,8,1B
30,5,22,1B
31,5,0,1B
1,6,10,1B
1,6,12,1B
4,6,2,1B
4,6,4,1B
6,6,18,1B
6,6,20,1B
9,6,6,1B
9,6,8,1B
11,6,22,1B
12,6,0,1B
14,6,14,1B
14,6,16,1B
17,6,2,1B
17,6,4,1B
19,6,18,1B
19,6,20,1B
22,6,10,1B
22,6,12,1B
24,6,22,1B
25,6,0,1B
27,6,14,1B
27,6,16,1B
30,6,6,1B
30,6,8,1B
3,7,10,1B
3,7,12,1B
6,7,2,1B
6,7,4,1B
11,7,6,1B
11,7,8,1B
13,7,22,1B
14,7,0,1B
16,7,14,1B
16,7,16,1B
19,7,2,1B
19,7,4,1B
21,7,18,1B
21,7,20,1B
24,7,10,1B
24,7,12,1B
26,7,22,1B
27,7,0,1B
29,7,14,1B
29,7,16,1B
2,8,18,1B
2,8,20,1B
5,8,10,1B
5,8,12,1B
8,8,2,1B
8,8,4,1B
10,8,14,1B
10,8,16,1B
13,8,6,1B
13,8,8,1B
15,8,22,1B
16,8,0,1B
18,8,10,1B
18,8,12,1B
21,8,2,1B
21,8,4,1B
23,8,18,1B
23,8,20,1B
26,8,6,1B
26,8,8,1B
28,8,22,1B
29,8,0,1B
31,8,14,1B
31,8,16,1B
1,1,4,2A
1,1,6,2A
3,1,20,2A
3,1,22,2A
6,1,12,2A
6,1,14,2A
9,1,0,2A
9,1,2,2A
11,1,16,2A
11,1,18,2A
14,1,8,2A
14,1,10,2A
19,1,12,2A
19,1,14,2A
22,1,4,2A
22,1,6,2A
24,1,20,2A
24,1,22,2A
27,1,8,2A
27,1,10,2A
30,1,0,2A
30,1,2,2A
3,2,4,2A
3,2,6,2A
5,2,20,2A
5,2,22,2A
8,2,12,2A
8,2,14,2A
11,2,0,2A
11,2,2,2A
13,2,16,2A
13,2,18,2A
16,2,8,2A
16,2,10,2A
18,2,20,2A
18,2,22,2A
21,2,12,2A
21,2,14,2A
24,2,4,2A
24,2,6,2A
26,2,16,2A
26,2,18,2A
29,2,8,2A
29,2,10,2A
2,3,12,2A
2,3,14,2A
5,3,4,2A
5,3,6,2A
7,3,20,2A
7,3,22,2A
10,3,8,2A
10,3,10,2A
13,3,0,2A
13,3,2,2A
15,3,16,2A
15,3,18,2A
18,3,4,2A
18,3,6,2A
20,3,20,2A
20,3,22,2A
23,3,12,2A
23,3,14,2A
26,3,0,2A
26,3,2,2A
28,3,16,2A
28,3,18,2A
31,3,8,2A
31,3,10,2A
1,4,20,2A
1,4,22,2A
4,4,12,2A
4,4,14,2A
7,4,4,2A
7,4,6,2A
9,4,16,2A
9,4,18,2A
12,4,8,2A
12,4,10,2A
15,4,0,2A
15,4,2,2A
17,4,12,2A
17,4,14,2A
20,4,4,2A
20,4,6,2A
22,4,20,2A
22,4,22,2A
25,4,8,2A
25,4,10,2A
28,4,0,2A
28,4,2,2A
30,4,16,2A
30,4,18,2A
1,5,0,2A
3,5,14,2A
3,5,16,2A
6,5,6,2A
6,5,8,2A
8,5,18,2A
8,5,20,2A
11,5,10,2A
11,5,12,2A
14,5,2,2A
14,5,4,2A
19,5,6,2A
19,5,8,2A
21,5,22,2A
22,5,0,2A
24,5,14,2A
24,5,16,2A
27,5,2,2A
27,5,4,2A
29,5,18,2A
29,5,20,2A
2,6,22,2A
3,6,0,2A
5,6,14,2A
5,6,16,2A
8,6,6,2A
8,6,8,2A
10,6,18,2A
10,6,20,2A
13,6,10,2A
13,6,12,2A
16,6,2,2A
16,6,4,2A
18,6,14,2A
18,6,16,2A
21,6,6,2A
21,6,8,2A
23,6,22,2A
24,6,0,2A
26,6,10,2A
26,6,12,2A
29,6,2,2A
29,6,4,2A
2,7,6,2A
2,7,8,2A
4,7,22,2A
5,7,0,2A
7,7,14,2A
7,7,16,2A
10,7,2,2A
10,7,4,2A
12,7,18,2A
12,7,20,2A
15,7,10,2A
15,7,12,2A
17,7,22,2A
18,7,0,2A
20,7,14,2A
20,7,16,2A
23,7,6,2A
23,7,8,2A
25,7,18,2A
25,7,20,2A
28,7,10,2A
28,7,12,2A
31,7,2,2A
31,7,4,2A
31,7,18,2A
31,7,20,2A
1,8,14,2A
1,8,16,2A
4,8,6,2A
4,8,8,2A
6,8,22,2A
7,8,0,2A
9,8,10,2A
9,8,12,2A
12,8,2,2A
12,8,4,2A
14,8,18,2A
14,8,20,2A
17,8,6,2A
17,8,8,2A
19,8,22,2A
20,8,0,2A
22,8,14,2A
22,8,16,2A
25,8,2,2A
25,8,4,2A
27,8,18,2A
27,8,20,2A
30,8,10,2A
30,8,12,2A
2,1,12,2B
2,1,14,2B
5,1,4,2B
5,1,6,2B
7,1,20,2B
7,1,22,2B
10,1,8,2B
10,1,10,2B
13,1,0,2B
13,1,2,2B
15,1,16,2B
15,1,18,2B
18,1,4,2B
18,1,6,2B
20,1,20,2B
20,1,22,2B
23,1,12,2B
23,1,14,2B
26,1,0,2B
26,1,2,2B
28,1,16,2B
28,1,18,2B
31,1,8,2B
31,1,10,2B
1,2,20,2B
1,2,22,2B
4,2,12,2B
4,2,14,2B
7,2,4,2B
7,2,6,2B
9,2,16,2B
9,2,18,2B
12,2,8,2B
12,2,10,2B
15,2,0,2B
15,2,2,2B
17,2,12,2B
17,2,14,2B
20,2,4,2B
20,2,6,2B
22,2,20,2B
22,2,22,2B
25,2,8,2B
25,2,10,2B
28,2,0,2B
28,2,2,2B
30,2,16,2B
30,2,18,2B
1,3,4,2B
1,3,6,2B
3,3,20,2B
3,3,22,2B
6,3,12,2B
6,3,14,2B
9,3,0,2B
9,3,2,2B
11,3,16,2B
11,3,18,2B
14,3,8,2B
14,3,10,2B
19,3,12,2B
19,3,14,2B
22,3,4,2B
22,3,6,2B
24,3,20,2B
24,3,22,2B
27,3,8,2B
27,3,10,2B
30,3,0,2B
30,3,2,2B
3,4,4,2B
3,4,6,2B
5,4,20,2B
5,4,22,2B
8,4,12,2B
8,4,14,2B
11,4,0,2B
11,4,2,2B
13,4,16,2B
13,4,18,2B
16,4,8,2B
16,4,10,2B
18,4,20,2B
18,4,22,2B
21,4,12,2B
21,4,14,2B
24,4,4,2B
24,4,6,2B
26,4,16,2B
26,4,18,2B
29,4,8,2B
29,4,10,2B
2,5,6,2B
2,5,8,2B
4,5,22,2B
5,5,0,2B
7,5,14,2B
7,5,16,2B
10,5,2,2B
10,5,4,2B
12,5,18,2B
12,5,20,2B
15,5,10,2B
15,5,12,2B
17,5,22,2B
18,5,0,2B
20,5,14,2B
20,5,16,2B
23,5,6,2B
23,5,8,2B
25,5,18,2B
25,5,20,2B
28,5,10,2B
28,5,12,2B
31,5,2,2B
31,5,4,2B
31,5,18,2B
31,5,20,2B
1,6,14,2B
1,6,16,2B
4,6,6,2B
4,6,8,2B
6,6,22,2B
7,6,0,2B
9,6,10,2B
9,6,12,2B
12,6,2,2B
12,6,4,2B
14,6,18,2B
14,6,20,2B
17,6,6,2B
17,6,8,2B
19,6,22,2B
20,6,0,2B
22,6,14,2B
22,6,16,2B
25,6,2,2B
25,6,4,2B
27,6,18,2B
27,6,20,2B
30,6,10,2B
30,6,12,2B
1,7,0,2B
3,7,14,2B
3,7,16,2B
6,7,6,2B
6,7,8,2B
8,7,18,2B
8,7,20,2B
11,7,10,2B
11,7,12,2B
14,7,2,2B
14,7,4,2B
19,7,6,2B
19,7,8,2B
21,7,22,2B
22,7,0,2B
24,7,14,2B
24,7,16,2B
27,7,2,2B
27,7,4,2B
29,7,18,2B
29,7,20,2B
2,8,22,2B
3,8,0,2B
5,8,14,2B
5,8,16,2B
8,8,6,2B
8,8,8,2B
10,8,18,2B
10,8,20,2B
13,8,10,2B
13,8,12,2B
16,8,2,2B
16,8,4,2B
18,8,14,2B
18,8,16,2B
21,8,6,2B
21,8,8,2B
23,8,22,2B
24,8,0,2B
26,8,10,2B
26,8,12,2B
29,8,2,2B
29,8,4,2B
1,1,8,3A
1,1,10,3A
4,1,0,3A
4,1,2,3A
6,1,16,3A
6,1,18,3A
9,1,4,3A
9,1,6,3A
11,1,20,3A
11,1,22,3A
14,1,12,3A
14,1,14,3A
17,1,0,3A
17,1,2,3A
19,1,16,3A
19,1,18,3A
22,1,8,3A
22,1,10,3A
27,1,12,3A
27,1,14,3A
30,1,4,3A
30,1,6,3A
3,2,8,3A
3,2,10,3A
6,2,0,3A
6,2,2,3A
8,2,16,3A
8,2,18,3A
11,2,4,3A
11,2,6,3A
13,2,20,3A
13,2,22,3A
16,2,12,3A
16,2,14,3A
19,2,0,3A
19,2,2,3A
21,2,16,3A
21,2,18,3A
24,2,8,3A
24,2,10,3A
26,2,20,3A
26,2,22,3A
29,2,12,3A
29,2,14,3A
2,3,16,3A
2,3,18,3A
5,3,8,3A
5,3,10,3A
8,3,0,3A
8,3,2,3A
10,3,12,3A
10,3,14,3A
13,3,4,3A
13,3,6,3A
15,3,20,3A
15,3,22,3A
18,3,8,3A
18,3,10,3A
21,3,0,3A
21,3,2,3A
23,3,16,3A
23,3,18,3A
26,3,4,3A
26,3,6,3A
28,3,20,3A
28,3,22,3A
31,3,12,3A
31,3,14,3A
2,4,0,3A
2,4,2,3A
4,4,16,3A
4,4,18,3A
7,4,8,3A
7,4,10,3A
9,4,20,3A
9,4,22,3A
12,4,12,3A
12,4,14,3A
15,4,4,3A
15,4,6,3A
17,4,16,3A
17,4,18,3A
20,4,8,3A
20,4,10,3A
23,4,0,3A
23,4,2,3A
25,4,12,3A
25,4,14,3A
28,4,4,3A
28,4,6,3A
30,4,20,3A
30,4,22,3A
1,5,2,3A
1,5,4,3A
3,5,18,3A
3,5,20,3A
6,5,10,3A
6,5,12,3A
8,5,22,3A
9,5,0,3A
11,5,14,3A
11,5,16,3A
14,5,6,3A
14,5,8,3A
16,5,18,3A
16,5,20,3A
19,5,10,3A
19,5,12,3A
22,5,2,3A
22,5,4,3A
27,5,6,3A
27,5,8,3A
29,5,22,3A
30,5,0,3A
3,6,2,3A
3,6,4,3A
5,6,18,3A
5,6,20,3A
8,6,10,3A
8,6,12,3A
10,6,22,3A
11,6,0,3A
13,6,14,3A
13,6,16,3A
16,6,6,3A
16,6,8,3A
18,6,18,3A
18,6,20,3A
21,6,10,3A
21,6,12,3A
24,6,2,3A
24,6,4,3A
26,6,14,3A
26,6,16,3A
29,6,6,3A
29,6,8,3A
2,7,10,3A
2,7,12,3A
5,7,2,3A
5,7,4,3A
7,7,18,3A
7,7,20,3A
10,7,6,3A
10,7,8,3A
12,7,22,3A
13,7,0,3A
15,7,14,3A
15,7,16,3A
18,7,2,3A
18,7,4,3A
20,7,18,3A
20,7,20,3A
23,7,10,3A
23,7,12,3A
25,7,22,3A
26,7,0,3A
28,7,14,3A
28,7,16,3A
31,7,6,3A
31,7,8,3A
31,7,22,3A
1,8,18,3A
1,8,20,3A
4,8,10,3A
4,8,12,3A
7,8,2,3A
7,8,4,3A
9,8,14,3A
9,8,16,3A
12,8,6,3A
12,8,8,3A
14,8,22,3A
15,8,0,3A
17,8,10,3A
17,8,12,3A
20,8,2,3A
20,8,4,3A
22,8,18,3A
22,8,20,3A
25,8,6,3A
25,8,8,3A
27,8,22,3A
28,8,0,3A
30,8,14,3A
30,8,16,3A
2,1,16,3B
2,1,18,3B
5,1,8,3B
5,1,10,3B
8,1,0,3B
8,1,2,3B
10,1,12,3B
10,1,14,3B
13,1,4,3B
13,1,6,3B
15,1,20,3B
15,1,22,3B
18,1,8,3B
18,1,10,3B
21,1,0,3B
21,1,2,3B
23,1,16,3B
23,1,18,3B
26,1,4,3B
26,1,6,3B
28,1,20,3B
28,1,22,3B
31,1,12,3B
31,1,14,3B
2,2,0,3B
2,2,2,3B
4,2,16,3B
4,2,18,3B
7,2,8,3B
7,2,10,3B
9,2,20,3B
9,2,22,3B
12,2,12,3B
12,2,14,3B
15,2,4,3B
15,2,6,3B
17,2,16,3B
17,2,18,3B
20,2,8,3B
20,2,10,3B
23,2,0,3B
23,2,2,3B
25,2,12,3B
25,2,14,3B
28,2,4,3B
28,2,6,3B
30,2,20,3B
30,2,22,3B
1,3,8,3B
1,3,10,3B
4,3,0,3B
4,3,2,3B
6,3,16,3B
6,3,18,3B
9,3,4,3B
9,3,6,3B
11,3,20,3B
11,3,22,3B
14,3,12,3B
14,3,14,3B
17,3,0,3B
17,3,2,3B
19,3,16,3B
19,3,18,3B
22,3,8,3B
22,3,10,3B
27,3,12,3B
27,3,14,3B
30,3,4,3B
30,3,6,3B
3,4,8,3B
3,4,10,3B
6,4,0,3B
6,4,2,3B
8,4,16,3B
8,4,18,3B
11,4,4,3B
11,4,6,3B
13,4,20,3B
13,4,22,3B
16,4,12,3B
16,4,14,3B
19,4,0,3B
19,4,2,3B
21,4,16,3B
21,4,18,3B
24,4,8,3B
24,4,10,3B
26,4,20,3B
26,4,22,3B
29,4,12,3B
29,4,14,3B
2,5,10,3B
2,5,12,3B
5,5,2,3B
5,5,4,3B
7,5,18,3B
7,5,20,3B
10,5,6,3B
10,5,8,3B
12,5,22,3B
13,5,0,3B
15,5,14,3B
15,5,16,3B
18,5,2,3B
18,5,4,3B
20,5,18,3B
20,5,20,3B
23,5,10,3B
23,5,12,3B
25,5,22,3B
26,5,0,3B
28,5,14,3B
28,5,16,3B
31,5,6,3B
31,5,8,3B
31,5,22,3B
1,6,18,3B
1,6,20,3B
4,6,10,3B
4,6,12,3B
7,6,2,3B
7,6,4,3B
9,6,14,3B
9,6,16,3B
12,6,6,3B
12,6,8,3B
14,6,22,3B
15,6,0,3B
17,6,10,3B
17,6,12,3B
20,6,2,3B
20,6,4,3B
22,6,18,3B
22,6,20,3B
25,6,6,3B
25,6,8,3B
27,6,22,3B
28,6,0,3B
30,6,14,3B
30,6,16,3B
1,7,2,3B
1,7,4,3B
3,7,18,3B
3,7,20,3B
6,7,10,3B
6,7,12,3B
8,7,22,3B
9,7,0,3B
11,7,14,3B
11,7,16,3B
14,7,6,3B
14,7,8,3B
16,7,18,3B
16,7,20,3B
19,7,10,3B
19,7,12,3B
22,7,2,3B
22,7,4,3B
27,7,6,3B
27,7,8,3B
29,7,22,3B
30,7,0,3B
3,8,2,3B
3,8,4,3B
5,8,18,3B
5,8,20,3B
8,8,10,3B
8,8,12,3B
10,8,22,3B
11,8,0,3B
13,8,14,3B
13,8,16,3B
16,8,6,3B
16,8,8,3B
18,8,18,3B
18,8,20,3B
21,8,10,3B
21,8,12,3B
24,8,2,3B
24,8,4,3B
26,8,14,3B
26,8,16,3B
29,8,6,3B
29,8,8,3B
1,1,12,4A
1,1,14,4A
4,1,4,4A
4,1,6,4A
6,1,20,4A
6,1,22,4A
9,1,8,4A
9,1,10,4A
12,1,0,4A
12,1,2,4A
14,1,16,4A
14,1,18,4A
17,1,4,4A
17,1,6,4A
19,1,20,4A
19,1,22,4A
22,1,12,4A
22,1,14,4A
25,1,0,4A
25,1,2,4A
27,1,16,4A
27,1,18,4A
30,1,8,4A
30,1,10,4A
3,2,12,4A
3,2,14,4A
6,2,4,4A
6,2,6,4A
8,2,20,4A
8,2,22,4A
11,2,8,4A
11,2,10,4A
14,2,0,4A
14,2,2,4A
16,2,16,4A
16,2,18,4A
19,2,4,4A
19,2,6,4A
21,2,20,4A
21,2,22,4A
24,2,12,4A
24,2,14,4A
27,2,0,4A
27,2,2,4A
29,2,16,4A
29,2,18,4A
2,3,20,4A
2,3,22,4A
5,3,12,4A
5,3,14,4A
8,3,4,4A
8,3,6,4A
10,3,16,4A
10,3,18,4A
13,3,8,4A
13,3,10,4A
16,3,0,4A
16,3,2,4A
18,3,12,4A
18,3,14,4A
21,3,4,4A
21,3,6,4A
23,3,20,4A
23,3,22,4A
26,3,8,4A
26,3,10,4A
29,3,0,4A
29,3,2,4A
31,3,16,4A
31,3,18,4A
2,4,4,4A
2,4,6,4A
4,4,20,4A
4,4,22,4A
7,4,12,4A
7,4,14,4A
10,4,0,4A
10,4,2,4A
12,4,16,4A
12,4,18,4A
15,4,8,4A
15,4,10,4A
17,4,20,4A
17,4,22,4A
20,4,12,4A
20,4,14,4A
23,4,4,4A
23,4,6,4A
25,4,16,4A
25,4,18,4A
28,4,8,4A
28,4,10,4A
31,4,0,4A
31,4,2,4A
1,5,6,4A
1,5,8,4A
3,5,22,4A
4,5,0,4A
6,5,14,4A
6,5,16,4A
9,5,2,4A
9,5,4,4A
11,5,18,4A
11,5,20,4A
14,5,10,4A
14,5,12,4A
16,5,22,4A
17,5,0,4A
19,5,14,4A
19,5,16,4A
22,5,6,4A
22,5,8,4A
24,5,18,4A
24,5,20,4A
27,5,10,4A
27,5,12,4A
30,5,2,4A
30,5,4,4A
3,6,6,4A
3,6,8,4A
5,6,22,4A
6,6,0,4A
8,6,14,4A
8,6,16,4A
11,6,2,4A
11,6,4,4A
13,6,18,4A
13,6,20,4A
16,6,10,4A
16,6,12,4A
18,6,22,4A
19,6,0,4A
21,6,14,4A
21,6,16,4A
24,6,6,4A
24,6,8,4A
26,6,18,4A
26,6,20,4A
29,6,10,4A
29,6,12,4A
2,7,14,4A
2,7,16,4A
5,7,6,4A
5,7,8,4A
7,7,22,4A
8,7,0,4A
10,7,10,4A
10,7,12,4A
13,7,2,4A
13,7,4,4A
15,7,18,4A
15,7,20,4A
18,7,6,4A
18,7,8,4A
20,7,22,4A
21,7,0,4A
23,7,14,4A
23,7,16,4A
26,7,2,4A
26,7,4,4A
28,7,18,4A
28,7,20,4A
31,7,10,4A
31,7,12,4A
1,8,22,4A
2,8,0,4A
4,8,14,4A
4,8,16,4A
7,8,6,4A
7,8,8,4A
9,8,18,4A
9,8,20,4A
12,8,10,4A
12,8,12,4A
15,8,2,4A
15,8,4,4A
17,8,14,4A
17,8,16,4A
20,8,6,4A
20,8,8,4A
22,8,22,4A
23,8,0,4A
25,8,10,4A
25,8,12,4A
28,8,2,4A
28,8,4,4A
30,8,18,4A
30,8,20,4A
2,1,20,4B
2,1,22,4B
5,1,12,4B
5,1,14,4B
8,1,4,4B
8,1,6,4B
10,1,16,4B
10,1,18,4B
13,1,8,4B
13,1,10,4B
16,1,0,4B
16,1,2,4B
18,1,12,4B
18,1,14,4B
21,1,4,4B
21,1,6,4B
23,1,20,4B
23,1,22,4B
26,1,8,4B
26,1,10,4B
29,1,0,4B
29,1,2,4B
31,1,16,4B
31,1,18,4B
2,2,4,4B
2,2,6,4B
4,2,20,4B
4,2,22,4B
7,2,12,4B
7,2,14,4B
10,2,0,4B
10,2,2,4B
12,2,16,4B
12,2,18,4B
15,2,8,4B
15,2,10,4B
17,2,20,4B
17,2,22,4B
20,2,12,4B
20,2,14,4B
23,2,4,4B
23,2,6,4B
25,2,16,4B
25,2,18,4B
28,2,8,4B
28,2,10,4B
31,2,0,4B
31,2,2,4B
1,3,12,4B
1,3,14,4B
4,3,4,4B
4,3,6,4B
6,3,20,4B
6,3,22,4B
9,3,8,4B
9,3,10,4B
12,3,0,4B
12,3,2,4B
14,3,16,4B
14,3,18,4B
17,3,4,4B
17,3,6,4B
19,3,20,4B
19,3,22,4B
22,3,12,4B
22,3,14,4B
25,3,0,4B
25,3,2,4B
27,3,16,4B
27,3,18,4B
30,3,8,4B
30,3,10,4B
3,4,12,4B
3,4,14,4B
6,4,4,4B
6,4,6,4B
8,4,20,4B
8,4,22,4B
11,4,8,4B
11,4,10,4B
14,4,0,4B
14,4,2,4B
16,4,16,4B
16,4,18,4B
19,4,4,4B
19,4,6,4B
21,4,20,4B
21,4,22,4B
24,4,12,4B
24,4,14,4B
27,4,0,4B
27,4,2,4B
29,4,16,4B
29,4,18,4B
2,5,14,4B
2,5,16,4B
5,5,6,4B
5,5,8,4B
7,5,22,4B
8,5,0,4B
10,5,10,4B
10,5,12,4B
13,5,2,4B
13,5,4,4B
15,5,18,4B
15,5,20,4B
18,5,6,4B
18,5,8,4B
20,5,22,4B
21,5,0,4B
23,5,14,4B
23,5,16,4B
26,5,2,4B
26,5,4,4B
28,5,18,4B
28,5,20,4B
31,5,10,4B
31,5,12,4B
1,6,22,4B
2,6,0,4B
4,6,14,4B
4,6,16,4B
7,6,6,4B
7,6,8,4B
9,6,18,4B
9,6,20,4B
12,6,10,4B
12,6,12,4B
15,6,2,4B
15,6,4,4B
17,6,14,4B
17,6,16,4B
20,6,6,4B
20,6,8,4B
22,6,22,4B
23,6,0,4B
25,6,10,4B
25,6,12,4B
28,6,2,4B
28,6,4,4B
30,6,18,4B
30,6,20,4B
1,7,6,4B
1,7,8,4B
3,7,22,4B
4,7,0,4B
6,7,14,4B
6,7,16,4B
9,7,2,4B
9,7,4,4B
11,7,18,4B
11,7,20,4B
14,7,10,4B
14,7,12,4B
16,7,22,4B
17,7,0,4B
19,7,14,4B
19,7,16,4B
22,7,6,4B
22,7,8,4B
24,7,18,4B
24,7,20,4B
27,7,10,4B
27,7,12,4B
30,7,2,4B
30,7,4,4B
3,8,6,4B
3,8,8,4B
5,8,22,4B
6,8,0,4B
8,8,14,4B
8,8,16,4B
11,8,2,4B
11,8,4,4B
13,8,18,4B
13,8,20,4B
16,8,10,4B
16,8,12,4B
18,8,22,4B
19,8,0,4B
21,8,14,4B
21,8,16,4B
24,8,6,4B
24,8,8,4B
26,8,18,4B
26,8,20,4B
29,8,10,4B
29,8,12,4B
1,1,16,5A
1,1,18,5A
4,1,8,5A
4,1,10,5A
7,1,0,5A
7,1,2,5A
9,1,12,5A
9,1,14,5A
12,1,4,5A
12,1,6,5A
14,1,20,5A
14,1,22,5A
17,1,8,5A
17,1,10,5A
20,1,0,5A
20,1,2,5A
22,1,16,5A
22,1,18,5A
25,1,4,5A
25,1,6,5A
27,1,20,5A
27,1,22,5A
30,1,12,5A
30,1,14,5A
1,2,0,5A
1,2,2,5A
3,2,16,5A
3,2,18,5A
6,2,8,5A
6,2,10,5A
11,2,12,5A
11,2,14,5A
14,2,4,5A
14,2,6,5A
16,2,20,5A
16,2,22,5A
19,2,8,5A
19,2,10,5A
22,2,0,5A
22,2,2,5A
24,2,16,5A
24,2,18,5A
27,2,4,5A
27,2,6,5A
29,2,20,5A
29,2,22,5A
3,3,0,5A
3,3,2,5A
5,3,16,5A
5,3,18,5A
8,3,8,5A
8,3,10,5A
10,3,20,5A
10,3,22,5A
13,3,12,5A
13,3,14,5A
16,3,4,5A
16,3,6,5A
18,3,16,5A
18,3,18,5A
21,3,8,5A
21,3,10,5A
24,3,0,5A
24,3,2,5A
26,3,12,5A
26,3,14,5A
29,3,4,5A
29,3,6,5A
31,3,20,5A
31,3,22,5A
2,4,8,5A
2,4,10,5A
5,4,0,5A
5,4,2,5A
7,4,16,5A
7,4,18,5A
10,4,4,5A
10,4,6,5A
12,4,20,5A
12,4,22,5A
15,4,12,5A
15,4,14,5A
18,4,0,5A
18,4,2,5A
20,4,16,5A
20,4,18,5A
23,4,8,5A
23,4,10,5A
25,4,20,5A
25,4,22,5A
28,4,12,5A
28,4,14,5A
31,4,4,5A
31,4,6,5A
1,5,10,5A
1,5,12,5A
4,5,2,5A
4,5,4,5A
6,5,18,5A
6,5,20,5A
9,5,6,5A
9,5,8,5A
11,5,22,5A
12,5,0,5A
14,5,14,5A
14,5,16,5A
17,5,2,5A
17,5,4,5A
19,5,18,5A
19,5,20,5A
22,5,10,5A
22,5,12,5A
24,5,22,5A
25,5,0,5A
27,5,14,5A
27,5,16,5A
30,5,6,5A
30,5,8,5A
3,6,10,5A
3,6,12,5A
6,6,2,5A
6,6,4,5A
11,6,6,5A
11,6,8,5A
13,6,22,5A
14,6,0,5A
16,6,14,5A
16,6,16,5A
19,6,2,5A
19,6,4,5A
21,6,18,5A
21,6,20,5A
24,6,10,5A
24,6,12,5A
26,6,22,5A
27,6,0,5A
29,6,14,5A
29,6,16,5A
2,7,18,5A
2,7,20,5A
5,7,10,5A
5,7,12,5A
8,7,2,5A
8,7,4,5A
10,7,14,5A
10,7,16,5A
13,7,6,5A
13,7,8,5A
15,7,22,5A
16,7,0,5A
18,7,10,5A
18,7,12,5A
21,7,2,5A
21,7,4,5A
23,7,18,5A
23,7,20,5A
26,7,6,5A
26,7,8,5A
28,7,22,5A
29,7,0,5A
31,7,14,5A
31,7,16,5A
2,8,2,5A
2,8,4,5A
4,8,18,5A
4,8,20,5A
7,8,10,5A
7,8,12,5A
9,8,22,5A
10,8,0,5A
12,8,14,5A
12,8,16,5A
15,8,6,5A
15,8,8,5A
17,8,18,5A
17,8,20,5A
20,8,10,5A
20,8,12,5A
23,8,2,5A
23,8,4,5A
25,8,14,5A
25,8,16,5A
28,8,6,5A
28,8,8,5A
30,8,22,5A
31,8,0,5A
3,1,0,5B
3,1,2,5B
5,1,16,5B
5,1,18,5B
8,1,8,5B
8,1,10,5B
10,1,20,5B
10,1,22,5B
13,1,12,5B
13,1,14,5B
16,1,4,5B
16,1,6,5B
18,1,16,5B
18,1,18,5B
21,1,8,5B
21,1,10,5B
24,1,0,5B
24,1,2,5B
26,1,12,5B
26,1,14,5B
29,1,4,5B
29,1,6,5B
31,1,20,5B
31,1,22,5B
2,2,8,5B
2,2,10,5B
5,2,0,5B
5,2,2,5B
7,2,16,5B
7,2,18,5B
10,2,4,5B
10,2,6,5B
12,2,20,5B
12,2,22,5B
15,2,12,5B
15,2,14,5B
18,2,0,5B
18,2,2,5B
20,2,16,5B
20,2,18,5B
23,2,8,5B
23,2,10,5B
25,2,20,5B
25,2,22,5B
28,2,12,5B
28,2,14,5B
31,2,4,5B
31,2,6,5B
1,3,16,5B
1,3,18,5B
4,3,8,5B
4,3,10,5B
7,3,0,5B
7,3,2,5B
9,3,12,5B
9,3,14,5B
12,3,4,5B
12,3,6,5B
14,3,20,5B
14,3,22,5B
17,3,8,5B
17,3,10,5B
20,3,0,5B
20,3,2,5B
22,3,16,5B
22,3,18,5B
25,3,4,5B
25,3,6,5B
27,3,20,5B
27,3,22,5B
30,3,12,5B
30,3,14,5B
1,4,0,5B
1,4,2,5B
3,4,16,5B
3,4,18,5B
6,4,8,5B
6,4,10,5B
11,4,12,5B
11,4,14,5B
14,4,4,5B
14,4,6,5B
16,4,20,5B
16,4,22,5B
19,4,8,5B
19,4,10,5B
22,4,0,5B
22,4,2,5B
24,4,16,5B
24,4,18,5B
27,4,4,5B
27,4,6,5B
29,4,20,5B
29,4,22,5B
2,5,18,5B
2,5,20,5B
5,5,10,5B
5,5,12,5B
8,5,2,5B
8,5,4,5B
10,5,14,5B
10,5,16,5B
13,5,6,5B
13,5,8,5B
15,5,22,5B
16,5,0,5B
18,5,10,5B
18,5,12,5B
21,5,2,5B
21,5,4,5B
23,5,18,5B
23,5,20,5B
26,5,6,5B
26,5,8,5B
28,5,22,5B
29,5,0,5B
31,5,14,5B
31,5,16,5B
2,6,2,5B
2,6,4,5B
4,6,18,5B
4,6,20,5B
7,6,10,5B
7,6,12,5B
9,6,22,5B
10,6,0,5B
12,6,14,5B
12,6,16,5B
15,6,6,5B
15,6,8,5B
17,6,18,5B
17,6,20,5B
20,6,10,5B
20,6,12,5B
23,6,2,5B
23,6,4,5B
25,6,14,5B
25,6,16,5B
28,6,6,5B
28,6,8,5B
30,6,22,5B
31,6,0,5B
1,7,10,5B
1,7,12,5B
4,7,2,5B
4,7,4,5B
6,7,18,5B
6,7,20,5B
9,7,6,5B
9,7,8,5B
11,7,22,5B
12,7,0,5B
14,7,14,5B
14,7,16,5B
17,7,2,5B
17,7,4,5B
19,7,18,5B
19,7,20,5B
22,7,10,5B
22,7,12,5B
24,7,22,5B
25,7,0,5B
27,7,14,5B
27,7,16,5B
30,7,6,5B
30,7,8,5B
3,8,10,5B
3,8,12,5B
6,8,2,5B
6,8,4,5B
11,8,6,5B
11,8,8,5B
13,8,22,5B
14,8,0,5B
16,8,14,5B
16,8,16,5B
19,8,2,5B
19,8,4,5B
21,8,18,5B
21,8,20,5B
24,8,10,5B
24,8,12,5B
26,8,22,5B
27,8,0,5B
29,8,14,5B
29,8,16,5B
1,1,20,6A
1,1,22,6A
4,1,12,6A
4,1,14,6A
7,1,4,6A
7,1,6,6A
9,1,16,6A
9,1,18,6A
12,1,8,6A
12,1,10,6A
15,1,0,6A
15,1,2,6A
17,1,12,6A
17,1,14,6A
20,1,4,6A
20,1,6,6A
22,1,20,6A
22,1,22,6A
25,1,8,6A
25,1,10,6A
28,1,0,6A
28,1,2,6A
30,1,16,6A
30,1,18,6A
1,2,4,6A
1,2,6,6A
3,2,20,6A
3,2,22,6A
6,2,12,6A
6,2,14,6A
9,2,0,6A
9,2,2,6A
11,2,16,6A
11,2,18,6A
14,2,8,6A
14,2,10,6A
19,2,12,6A
19,2,14,6A
22,2,4,6A
22,2,6,6A
24,2,20,6A
24,2,22,6A
27,2,8,6A
27,2,10,6A
30,2,0,6A
30,2,2,6A
3,3,4,6A
3,3,6,6A
5,3,20,6A
5,3,22,6A
8,3,12,6A
8,3,14,6A
11,3,0,6A
11,3,2,6A
13,3,16,6A
13,3,18,6A
16,3,8,6A
16,3,10,6A
18,3,20,6A
18,3,22,6A
21,3,12,6A
21,3,14,6A
24,3,4,6A
24,3,6,6A
26,3,16,6A
26,3,18,6A
29,3,8,6A
29,3,10,6A
2,4,12,6A
2,4,14,6A
5,4,4,6A
5,4,6,6A
7,4,20,6A
7,4,22,6A
10,4,8,6A
10,4,10,6A
13,4,0,6A
13,4,2,6A
15,4,16,6A
15,4,18,6A
18,4,4,6A
18,4,6,6A
20,4,20,6A
20,4,22,6A
23,4,12,6A
23,4,14,6A
26,4,0,6A
26,4,2,6A
28,4,16,6A
28,4,18,6A
31,4,8,6A
31,4,10,6A
1,5,14,6A
1,5,16,6A
4,5,6,6A
4,5,8,6A
6,5,22,6A
7,5,0,6A
9,5,10,6A
9,5,12,6A
12,5,2,6A
12,5,4,6A
14,5,18,6A
14,5,20,6A
17,5,6,6A
17,5,8,6A
19,5,22,6A
20,5,0,6A
22,5,14,6A
22,5,16,6A
25,5,2,6A
25,5,4,6A
27,5,18,6A
27,5,20,6A
30,5,10,6A
30,5,12,6A
1,6,0,6A
3,6,14,6A
3,6,16,6A
6,6,6,6A
6,6,8,6A
8,6,18,6A
8,6,20,6A
11,6,10,6A
11,6,12,6A
14,6,2,6A
14,6,4,6A
19,6,6,6A
19,6,8,6A
21,6,22,6A
22,6,0,6A
24,6,14,6A
24,6,16,6A
27,6,2,6A
27,6,4,6A
29,6,18,6A
29,6,20,6A
2,7,22,6A
3,7,0,6A
5,7,14,6A
5,7,16,6A
8,7,6,6A
8,7,8,6A
10,7,18,6A
10,7,20,6A
13,7,10,6A
13,7,12,6A
16,7,2,6A
16,7,4,6A
18,7,14,6A
18,7,16,6A
21,7,6,6A
21,7,8,6A
23,7,22,6A
24,7,0,6A
26,7,10,6A
26,7,12,6A
29,7,2,6A
29,7,4,6A
2,8,6,6A
2,8,8,6A
4,8,22,6A
5,8,0,6A
7,8,14,6A
7,8,16,6A
10,8,2,6A
10,8,4,6A
12,8,18,6A
12,8,20,6A
15,8,10,6A
15,8,12,6A
17,8,22,6A
18,8,0,6A
20,8,14,6A
20,8,16,6A
23,8,6,6A
23,8,8,6A
25,8,18,6A
25,8,20,6A
28,8,10,6A
28,8,12,6A
31,8,2,6A
31,8,4,6A
31,8,18,6A
31,8,20,6A
3,1,4,6B
3,1,6,6B
5,1,20,6B
5,1,22,6B
8,1,12,6B
8,1,14,6B
11,1,0,6B
11,1,2,6B
13,1,16,6B
13,1,18,6B
16,1,8,6B
16,1,10,6B
18,1,20,6B
18,1,22,6B
21,1,12,6B
21,1,14,6B
24,1,4,6B
24,1,6,6B
26,1,16,6B
26,1,18,6B
29,1,8,6B
29,1,10,6B
2,2,12,6B
2,2,14,6B
5,2,4,6B
5,2,6,6B
7,2,20,6B
7,2,22,6B
10,2,8,6B
10,2,10,6B
13,2,0,6B
13,2,2,6B
15,2,16,6B
15,2,18,6B
18,2,4,6B
18,2,6,6B
20,2,20,6B
20,2,22,6B
23,2,12,6B
23,2,14,6B
26,2,0,6B
26,2,2,6B
28,2,16,6B
28,2,18,6B
31,2,8,6B
31,2,10,6B
1,3,20,6B
1,3,22,6B
4,3,12,6B
4,3,14,6B
7,3,4,6B
7,3,6,6B
9,3,16,6B
9,3,18,6B
12,3,8,6B
12,3,10,6B
15,3,0,6B
15,3,2,6B
17,3,12,6B
17,3,14,6B
20,3,4,6B
20,3,6,6B
22,3,20,6B
22,3,22,6B
25,3,8,6B
25,3,10,6B
28,3,0,6B
28,3,2,6B
30,3,16,6B
30,3,18,6B
1,4,4,6B
1,4,6,6B
3,4,20,6B
3,4,22,6B
6,4,12,6B
6,4,14,6B
9,4,0,6B
9,4,2,6B
11,4,16,6B
11,4,18,6B
14,4,8,6B
14,4,10,6B
19,4,12,6B
19,4,14,6B
22,4,4,6B
22,4,6,6B
24,4,20,6B
24,4,22,6B
27,4,8,6B
27,4,10,6B
30,4,0,6B
30,4,2,6B
2,5,22,6B
3,5,0,6B
5,5,14,6B
5,5,16,6B
8,5,6,6B
8,5,8,6B
10,5,18,6B
10,5,20,6B
13,5,10,6B
13,5,12,6B
16,5,2,6B
16,5,4,6B
18,5,14,6B
18,5,16,6B
21,5,6,6B
21,5,8,6B
23,5,22,6B
24,5,0,6B
26,5,10,6B
26,5,12,6B
29,5,2,6B
29,5,4,6B
2,6,6,6B
2,6,8,6B
4,6,22,6B
5,6,0,6B
7,6,14,6B
7,6,16,6B
10,6,2,6B
10,6,4,6B
12,6,18,6B
12,6,20,6B
15,6,10,6B
15,6,12,6B
17,6,22,6B
18,6,0,6B
20,6,14,6B
20,6,16,6B
23,6,6,6B
23,6,8,6B
25,6,18,6B
25,6,20,6B
28,6,10,6B
28,6,12,6B
31,6,2,6B
31,6,4,6B
31,6,18,6B
31,6,20,6B
1,7,14,6B
1,7,16,6B
4,7,6,6B
4,7,8,6B
6,7,22,6B
7,7,0,6B
9,7,10,6B
9,7,12,6B
12,7,2,6B
12,7,4,6B
14,7,18,6B
14,7,20,6B
17,7,6,6B
17,7,8,6B
19,7,22,6B
20,7,0,6B
22,7,14,6B
22,7,16,6B
25,7,2,6B
25,7,4,6B
27,7,18,6B
27,7,20,6B
30,7,10,6B
30,7,12,6B
1,8,0,6B
3,8,14,6B
3,8,16,6B
6,8,6,6B
6,8,8,6B
8,8,18,6B
8,8,20,6B
11,8,10,6B
11,8,12,6B
14,8,2,6B
14,8,4,6B
19,8,6,6B
19,8,8,6B
21,8,22,6B
22,8,0,6B
24,8,14,6B
24,8,16,6B
27,8,2,6B
27,8,4,6B
29,8,18,6B
29,8,20,6B
2,1,0,7A
2,1,2,7A
4,1,16,7A
4,1,18,7A
7,1,8,7A
7,1,10,7A
9,1,20,7A
9,1,22,7A
12,1,12,7A
12,1,14,7A
15,1,4,7A
15,1,6,7A
17,1,16,7A
17,1,18,7A
20,1,8,7A
20,1,10,7A
23,1,0,7A
23,1,2,7A
25,1,12,7A
25,1,14,7A
28,1,4,7A
28,1,6,7A
30,1,20,7A
30,1,22,7A
1,2,8,7A
1,2,10,7A
4,2,0,7A
4,2,2,7A
6,2,16,7A
6,2,18,7A
9,2,4,7A
9,2,6,7A
11,2,20,7A
11,2,22,7A
14,2,12,7A
14,2,14,7A
17,2,0,7A
17,2,2,7A
19,2,16,7A
19,2,18,7A
22,2,8,7A
22,2,10,7A
27,2,12,7A
27,2,14,7A
30,2,4,7A
30,2,6,7A
3,3,8,7A
3,3,10,7A
6,3,0,7A
6,3,2,7A
8,3,16,7A
8,3,18,7A
11,3,4,7A
11,3,6,7A
13,3,20,7A
13,3,22,7A
16,3,12,7A
16,3,14,7A
19,3,0,7A
19,3,2,7A
21,3,16,7A
21,3,18,7A
24,3,8,7A
24,3,10,7A
26,3,20,7A
26,3,22,7A
29,3,12,7A
29,3,14,7A
2,4,16,7A
2,4,18,7A
5,4,8,7A
5,4,10,7A
8,4,0,7A
8,4,2,7A
10,4,12,7A
10,4,14,7A
13,4,4,7A
13,4,6,7A
15,4,20,7A
15,4,22,7A
18,4,8,7A
18,4,10,7A
21,4,0,7A
21,4,2,7A
23,4,16,7A
23,4,18,7A
26,4,4,7A
26,4,6,7A
28,4,20,7A
28,4,22,7A
31,4,12,7A
31,4,14,7A
1,5,18,7A
1,5,20,7A
4,5,10,7A
4,5,12,7A
7,5,2,7A
7,5,4,7A
9,5,14,7A
9,5,16,7A
12,5,6,7A
12,5,8,7A
14,5,22,7A
15,5,0,7A
17,5,10,7A
17,5,12,7A
20,5,2,7A
20,5,4,7A
22,5,18,7A
22,5,20,7A
25,5,6,7A
25,5,8,7A
27,5,22,7A
28,5,0,7A
30,5,14,7A
30,5,16,7A
1,6,2,7A
1,6,4,7A
3,6,18,7A
3,6,20,7A
6,6,10,7A
6,6,12,7A
8,6,22,7A
9,6,0,7A
11,6,14,7A
11,6,16,7A
14,6,6,7A
14,6,8,7A
16,6,18,7A
16,6,20,7A
19,6,10,7A
19,6,12,7A
22,6,2,7A
22,6,4,7A
27,6,6,7A
27,6,8,7A
29,6,22,7A
30,6,0,7A
3,7,2,7A
3,7,4,7A
5,7,18,7A
5,7,20,7A
8,7,10,7A
8,7,12,7A
10,7,22,7A
11,7,0,7A
13,7,14,7A
13,7,16,7A
16,7,6,7A
16,7,8,7A
18,7,18,7A
18,7,20,7A
21,7,10,7A
21,7,12,7A
24,7,2,7A
24,7,4,7A
26,7,14,7A
26,7,16,7A
29,7,6,7A
29,7,8,7A
2,8,10,7A
2,8,12,7A
5,8,2,7A
5,8,4,7A
7,8,18,7A
7,8,20,7A
10,8,6,7A
10,8,8,7A
12,8,22,7A
13,8,0,7A
15,8,14,7A
15,8,16,7A
18,8,2,7A
18,8,4,7A
20,8,18,7A
20,8,20,7A
23,8,10,7A
23,8,12,7A
25,8,22,7A
26,8,0,7A
28,8,14,7A
28,8,16,7A
31,8,6,7A
31,8,8,7A
31,8,22,7A
3,1,8,7B
3,1,10,7B
6,1,0,7B
6,1,2,7B
8,1,16,7B
8,1,18,7B
11,1,4,7B
11,1,6,7B
13,1,20,7B
13,1,22,7B
16,1,12,7B
16,1,14,7B
19,1,0,7B
19,1,2,7B
21,1,16,7B
21,1,18,7B
24,1,8,7B
24,1,10,7B
26,1,20,7B
26,1,22,7B
29,1,12,7B
29,1,14,7B
2,2,16,7B
2,2,18,7B
5,2,8,7B
5,2,10,7B
8,2,0,7B
8,2,2,7B
10,2,12,7B
10,2,14,7B
13,2,4,7B
13,2,6,7B
15,2,20,7B
15,2,22,7B
18,2,8,7B
18,2,10,7B
21,2,0,7B
21,2,2,7B
23,2,16,7B
23,2,18,7B
26,2,4,7B
26,2,6,7B
28,2,20,7B
28,2,22,7B
31,2,12,7B
31,2,14,7B
2,3,0,7B
2,3,2,7B
4,3,16,7B
4,3,18,7B
7,3,8,7B
7,3,10,7B
9,3,20,7B
9,3,22,7B
12,3,12,7B
12,3,14,7B
15,3,4,7B
15,3,6,7B
17,3,16,7B
17,3,18,7B
20,3,8,7B
20,3,10,7B
23,3,0,7B
23,3,2,7B
25,3,12,7B
25,3,14,7B
28,3,4,7B
28,3,6,7B
30,3,20,7B
30,3,22,7B
1,4,8,7B
1,4,10,7B
4,4,0,7B
4,4,2,7B
6,4,16,7B
6,4,18,7B
9,4,4,7B
9,4,6,7B
11,4,20,7B
11,4,22,7B
14,4,12,7B
14,4,14,7B
17,4,0,7B
17,4,2,7B
19,4,16,7B
19,4,18,7B
22,4,8,7B
22,4,10,7B
27,4,12,7B
27,4,14,7B
30,4,4,7B
30,4,6,7B
3,5,2,7B
3,5,4,7B
5,5,18,7B
5,5,20,7B
8,5,10,7B
8,5,12,7B
10,5,22,7B
11,5,0,7B
13,5,14,7B
13,5,16,7B
16,5,6,7B
16,5,8,7B
18,5,18,7B
18,5,20,7B
21,5,10,7B
21,5,12,7B
24,5,2,7B
24,5,4,7B
26,5,14,7B
26,5,16,7B
29,5,6,7B
29,5,8,7B
2,6,10,7B
2,6,12,7B
5,6,2,7B
5,6,4,7B
7,6,18,7B
7,6,20,7B
10,6,6,7B
10,6,8,7B
12,6,22,7B
13,6,0,7B
15,6,14,7B
15,6,16,7B
18,6,2,7B
18,6,4,7B
20,6,18,7B
20,6,20,7B
23,6,10,7B
23,6,12,7B
25,6,22,7B
26,6,0,7B
28,6,14,7B
28,6,16,7B
31,6,6,7B
31,6,8,7B
31,6,22,7B
1,7,18,7B
1,7,20,7B
4,7,10,7B
4,7,12,7B
7,7,2,7B
7,7,4,7B
9,7,14,7B
9,7,16,7B
12,7,6,7B
12,7,8,7B
14,7,22,7B
15,7,0,7B
17,7,10,7B
17,7,12,7B
20,7,2,7B
20,7,4,7B
22,7,18,7B
22,7,20,7B
25,7,6,7B
25,7,8,7B
27,7,22,7B
28,7,0,7B
30,7,14,7B
30,7,16,7B
1,8,2,7B
1,8,4,7B
3,8,18,7B
3,8,20,7B
6,8,10,7B
6,8,12,7B
8,8,22,7B
9,8,0,7B
11,8,14,7B
11,8,16,7B
14,8,6,7B
14,8,8,7B
16,8,18,7B
16,8,20,7B
19,8,10,7B
19,8,12,7B
22,8,2,7B
22,8,4,7B
27,8,6,7B
27,8,8,7B
29,8,22,7B
30,8,0,7B
2,1,4,8A
2,1,6,8A
4,1,20,8A
4,1,22,8A
7,1,12,8A
7,1,14,8A
10,1,0,8A
10,1,2,8A
12,1,16,8A
12,1,18,8A
15,1,8,8A
15,1,10,8A
17,1,20,8A
17,1,22,8A
20,1,12,8A
20,1,14,8A
23,1,4,8A
23,1,6,8A
25,1,16,8A
25,1,18,8A
28,1,8,8A
28,1,10,8A
31,1,0,8A
31,1,2,8A
1,2,12,8A
1,2,14,8A
4,2,4,8A
4,2,6,8A
6,2,20,8A
6,2,22,8A
9,2,8,8A
9,2,10,8A
12,2,0,8A
12,2,2,8A
14,2,16,8A
14,2,18,8A
17,2,4,8A
17,2,6,8A
19,2,20,8A
19,2,22,8A
22,2,12,8A
22,2,14,8A
25,2,0,8A
25,2,2,8A
27,2,16,8A
27,2,18,8A
30,2,8,8A
30,2,10,8A
3,3,12,8A
3,3,14,8A
6,3,4,8A
6,3,6,8A
8,3,20,8A
8,3,22,8A
11,3,8,8A
11,3,10,8A
14,3,0,8A
14,3,2,8A
16,3,16,8A
16,3,18,8A
19,3,4,8A
19,3,6,8A
21,3,20,8A
21,3,22,8A
24,3,12,8A
24,3,14,8A
27,3,0,8A
27,3,2,8A
29,3,16,8A
29,3,18,8A
2,4,20,8A
2,4,22,8A
5,4,12,8A
5,4,14,8A
8,4,4,8A
8,4,6,8A
10,4,16,8A
10,4,18,8A
13,4,8,8A
13,4,10,8A
16,4,0,8A
16,4,2,8A
18,4,12,8A
18,4,14,8A
21,4,4,8A
21,4,6,8A
23,4,20,8A
23,4,22,8A
26,4,8,8A
26,4,10,8A
29,4,0,8A
29,4,2,8A
31,4,16,8A
31,4,18,8A
1,5,22,8A
2,5,0,8A
4,5,14,8A
4,5,16,8A
7,5,6,8A
7,5,8,8A
9,5,18,8A
9,5,20,8A
12,5,10,8A
12,5,12,8A
15,5,2,8A
15,5,4,8A
17,5,14,8A
17,5,16,8A
20,5,6,8A
20,5,8,8A
22,5,22,8A
23,5,0,8A
25,5,10,8A
25,5,12,8A
28,5,2,8A
28,5,4,8A
30,5,18,8A
30,5,20,8A
1,6,6,8A
1,6,8,8A
3,6,22,8A
4,6,0,8A
6,6,14,8A
6,6,16,8A
9,6,2,8A
9,6,4,8A
11,6,18,8A
11,6,20,8A
14,6,10,8A
14,6,12,8A
16,6,22,8A
17,6,0,8A
19,6,14,8A
19,6,16,8A
22,6,6,8A
22,6,8,8A
24,6,18,8A
24,6,20,8A
27,6,10,8A
27,6,12,8A
30,6,2,8A
30,6,4,8A
3,7,6,8A
3,7,8,8A
5,7,22,8A
6,7,0,8A
8,7,14,8A
8,7,16,8A
11,7,2,8A
11,7,4,8A
13,7,18,8A
13,7,20,8A
16,7,10,8A
16,7,12,8A
18,7,22,8A
19,7,0,8A
21,7,14,8A
21,7,16,8A
24,7,6,8A
24,7,8,8A
26,7,18,8A
26,7,20,8A
29,7,10,8A
29,7,12,8A
2,8,14,8A
2,8,16,8A
5,8,6,8A
5,8,8,8A
7,8,22,8A
8,8,0,8A
10,8,10,8A
10,8,12,8A
13,8,2,8A
13,8,4,8A
15,8,18,8A
15,8,20,8A
18,8,6,8A
18,8,8,8A
20,8,22,8A
21,8,0,8A
23,8,14,8A
23,8,16,8A
26,8,2,8A
26,8,4,8A
28,8,18,8A
28,8,20,8A
31,8,10,8A
31,8,12,8A
3,1,12,8B
3,1,14,8B
6,1,4,8B
6,1,6,8B
8,1,20,8B
8,1,22,8B
11,1,8,8B
11,1,10,8B
14,1,0,8B
14,1,2,8B
16,1,16,8B
16,1,18,8B
19,1,4,8B
19,1,6,8B
21,1,20,8B
21,1,22,8B
24,1,12,8B
24,1,14,8B
27,1,0,8B
27,1,2,8B
29,1,16,8B
29,1,18,8B
2,2,20,8B
2,2,22,8B
5,2,12,8B
5,2,14,8B
8,2,4,8B
8,2,6,8B
10,2,16,8B
10,2,18,8B
13,2,8,8B
13,2,10,8B
16,2,0,8B
16,2,2,8B
18,2,12,8B
18,2,14,8B
21,2,4,8B
21,2,6,8B
23,2,20,8B
23,2,22,8B
26,2,8,8B
26,2,10,8B
29,2,0,8B
29,2,2,8B
31,2,16,8B
31,2,18,8B
2,3,4,8B
2,3,6,8B
4,3,20,8B
4,3,22,8B
7,3,12,8B
7,3,14,8B
10,3,0,8B
10,3,2,8B
12,3,16,8B
12,3,18,8B
15,3,8,8B
15,3,10,8B
17,3,20,8B
17,3,22,8B
20,3,12,8B
20,3,14,8B
23,3,4,8B
23,3,6,8B
25,3,16,8B
25,3,18,8B
28,3,8,8B
28,3,10,8B
31,3,0,8B
31,3,2,8B
1,4,12,8B
1,4,14,8B
4,4,4,8B
4,4,6,8B
6,4,20,8B
6,4,22,8B
9,4,8,8B
9,4,10,8B
12,4,0,8B
12,4,2,8B
14,4,16,8B
14,4,18,8B
17,4,4,8B
17,4,6,8B
19,4,20,8B
19,4,22,8B
22,4,12,8B
22,4,14,8B
25,4,0,8B
25,4,2,8B
27,4,16,8B
27,4,18,8B
30,4,8,8B
30,4,10,8B
3,5,6,8B
3,5,8,8B
5,5,22,8B
6,5,0,8B
8,5,14,8B
8,5,16,8B
11,5,2,8B
11,5,4,8B
13,5,18,8B
13,5,20,8B
16,5,10,8B
16,5,12,8B
18,5,22,8B
19,5,0,8B
21,5,14,8B
21,5,16,8B
24,5,6,8B
24,5,8,8B
26,5,18,8B
26,5,20,8B
29,5,10,8B
29,5,12,8B
2,6,14,8B
2,6,16,8B
5,6,6,8B
5,6,8,8B
7,6,22,8B
8,6,0,8B
10,6,10,8B
10,6,12,8B
13,6,2,8B
13,6,4,8B
15,6,18,8B
15,6,20,8B
18,6,6,8B
18,6,8,8B
20,6,22,8B
21,6,0,8B
23,6,14,8B
23,6,16,8B
26,6,2,8B
26,6,4,8B
28,6,18,8B
28,6,20,8B
31,6,10,8B
31,6,12,8B
1,7,22,8B
2,7,0,8B
4,7,14,8B
4,7,16,8B
7,7,6,8B
7,7,8,8B
9,7,18,8B
9,7,20,8B
12,7,10,8B
12,7,12,8B
15,7,2,8B
15,7,4,8B
17,7,14,8B
17,7,16,8B
20,7,6,8B
20,7,8,8B
22,7,22,8B
23,7,0,8B
25,7,10,8B
25,7,12,8B
28,7,2,8B
28,7,4,8B
30,7,18,8B
30,7,20,8B
1,8,6,8B
1,8,8,8B
3,8,22,8B
4,8,0,8B
6,8,14,8B
6,8,16,8B
9,8,2,8B
9,8,4,8B
11,8,18,8B
11,8,20,8B
14,8,10,8B
14,8,12,8B
16,8,22,8B
17,8,0,8B
19,8,14,8B
19,8,16,8B
22,8,6,8B
22,8,8,8B
24,8,18,8B
24,8,20,8B
27,8,10,8B
27,8,12,8B
30,8,2,8B
30,8,4,8B
